北京,北京市,昌平区
安徽省,铜陵市,铜官区
湖北省,荆州市,洪湖市
上海,上海市,普陀区
浙江省,温州市,永嘉县
贵州省,黔西南布依族苗族自治州,贞丰县
福建省,漳州市,芗城区
福建省,龙岩市,新罗区
山东省,青岛市,胶州市
重庆,重庆市,潼南区
浙江省,绍兴市,上虞区
广东省,汕尾市,海丰县
湖南省,岳阳市,华容县
福建省,莆田市,仙游县
北京,北京市,房山区
福建省,福州市,马尾区
广东省,江门市,蓬江区
河南省,三门峡市,卢氏县
河南省,三门峡市,灵宝市
浙江省,金华市,东阳市
广东省,清远市,阳山县
广东省,深圳市,罗湖区
贵州省,黔南布依族苗族自治州,龙里县
湖南省,长沙市,长沙县
贵州省,贵阳市,南明区
贵州省,贵阳市,南明区
广东省,广州市,从化区
重庆,重庆市,渝北区
湖北省,武汉市,洪山区
湖北省,随州市,曾都区
湖北省,随州市,曾都区
海南省,澄迈县,null
山西省,吕梁市,兴县
广东省,深圳市,光明新区
四川省,泸州市,泸县
湖南省,岳阳市,岳阳楼区
海南省,琼海市,null
贵州省,黔南布依族苗族自治州,贵定县
山东省,烟台市,芝罘区
贵州省,黔东南苗族侗族自治州,黎平县
湖北省,宜昌市,夷陵区
江苏省,连云港市,海州区
河南省,郑州市,金水区
浙江省,湖州市,南浔区
湖南省,岳阳市,岳阳楼区
湖北省,武汉市,江岸区
浙江省,湖州市,德清县
海南省,儋州市,null
山东省,聊城市,东昌府区
福建省,福州市,晋安区
四川省,凉山彝族自治州,西昌市
贵州省,黔东南苗族侗族自治州,锦屏县
河南省,南阳市,镇平县
广东省,江门市,新会区
广东省,惠州市,惠东县
河北省,邢台市,任县
广东省,汕头市,潮南区
安徽省,蚌埠市,五河县
广东省,茂名市,电白区
山东省,青岛市,即墨区
福建省,福州市,福清市
河南省,信阳市,光山县
上海,上海市,静安区
广东省,佛山市,顺德区
浙江省,杭州市,西湖区
安徽省,合肥市,长丰县
广东省,广州市,番禺区
贵州省,黔南布依族苗族自治州,福泉市
山东省,济宁市,任城区
广东省,揭阳市,榕城区
浙江省,杭州市,江干区
广东省,广州市,增城区
浙江省,宁波市,慈溪市
广东省,深圳市,南山区
湖南省,怀化市,鹤城区
山东省,潍坊市,寿光市
四川省,成都市,都江堰市
贵州省,安顺市,关岭布依族苗族自治县
福建省,福州市,仓山区
江苏省,苏州市,昆山市
安徽省,滁州市,琅琊区
湖北省,恩施土家族苗族自治州,利川市
海南省,万宁市,null
广东省,东莞市,null
上海,上海市,黄浦区
广东省,深圳市,福田区
湖北省,武汉市,洪山区
安徽省,六安市,霍山县
山东省,济南市,市中区
安徽省,宣城市,宣州区
福建省,泉州市,德化县
广东省,中山市,null
江苏省,南京市,建邺区
海南省,三亚市,吉阳区
北京,北京市,顺义区
江苏省,南京市,栖霞区
贵州省,遵义市,仁怀市
江西省,南昌市,新建区
天津,天津市,武清区
安徽省,芜湖市,镜湖区
江苏省,无锡市,滨湖区
重庆,重庆市,彭水苗族土家族自治县
福建省,福州市,福清市
贵州省,黔南布依族苗族自治州,福泉市
河南省,信阳市,商城县
广东省,佛山市,顺德区
江西省,赣州市,章贡区
重庆,重庆市,南岸区
江苏省,苏州市,太仓市
四川省,南充市,高坪区
四川省,南充市,营山县
广西,南宁市,西乡塘区
河南省,新乡市,卫辉市
河南省,洛阳市,e河回族区
贵州省,铜仁市,德江县
湖北省,黄冈市,浠水县
重庆,重庆市,开州区
海南省,琼海市,null
广东省,广州市,海珠区
江西省,宜春市,丰城市
海南省,琼海市,null
广东省,深圳市,南山区
云南省,昆明市,盘龙区
上海,上海市,徐汇区
四川省,成都市,龙泉驿区
贵州省,贵阳市,清镇市
山西省,太原市,迎泽区
重庆,重庆市,渝北区
广东省,江门市,新会区
江苏省,徐州市,贾汪区
海南省,澄迈县,null
云南省,红河哈尼族彝族自治州,河口瑶族自治县
江西省,抚州市,临川区
山东省,青岛市,黄岛区
浙江省,杭州市,萧山区
山东省,临沂市,兰山区
福建省,宁德市,霞浦县
四川省,成都市,武侯区
广东省,江门市,恩平市
海南省,东方市,null
江西省,景德镇市,珠山区
湖南省,永州市,冷水滩区
安徽省,淮北市,相山区
安徽省,马鞍山市,含山县
湖北省,武汉市,江夏区
浙江省,温州市,平阳县
江苏省,泰州市,海陵区
江苏省,泰州市,海陵区
海南省,海口市,秀英区
山西省,太原市,杏花岭区
贵州省,贵阳市,开阳县
江西省,宜春市,樟树市
山东省,烟台市,莱州市
福建省,泉州市,安溪县
四川省,成都市,金牛区
四川省,绵阳市,江油市
海南省,三亚市,吉阳区
上海,上海市,宝山区
上海,上海市,浦东新区
四川省,乐山市,市中区
四川省,成都市,青羊区
江西省,上饶市,余干县
云南省,昭通市,昭阳区
广东省,汕尾市,海丰县
广西,防城港市,港口区
广东省,佛山市,南海区
安徽省,马鞍山市,花山区
安徽省,淮北市,相山区
广东省,东莞市,null
广东省,佛山市,顺德区
广东省,阳江市,阳东区
广东省,阳江市,阳东区
浙江省,宁波市,奉化区
内蒙古,锡林郭勒盟,锡林浩特市
浙江省,绍兴市,新昌县
上海,上海市,宝山区
河北省,保定市,定州市
湖北省,宜昌市,点军区
福建省,泉州市,丰泽区
广东省,清远市,阳山县
安徽省,合肥市,庐阳区
河北省,石家庄市,桥西区
广东省,深圳市,龙岗区
广东省,阳江市,江城区
福建省,泉州市,鲤城区
江苏省,徐州市,沛县
河南省,郑州市,中原区
北京,北京市,西城区
浙江省,丽水市,龙泉市
福建省,泉州市,惠安县
四川省,内江市,市中区
河北省,石家庄市,裕华区
浙江省,温州市,永嘉县
四川省,成都市,新都区
江苏省,泰州市,兴化市
河北省,石家庄市,裕华区
北京,北京市,通州区
山东省,泰安市,岱岳区
山东省,烟台市,莱州市
内蒙古,巴彦淖尔市,临河区
山东省,济宁市,金乡县
浙江省,杭州市,余杭区
河南省,商丘市,夏邑县
山东省,烟台市,芝罘区
贵州省,黔南布依族苗族自治州,荔波县
四川省,遂宁市,射洪县
浙江省,湖州市,南浔区
浙江省,金华市,婺城区
广东省,江门市,新会区
广西,桂林市,临桂区
河北省,廊坊市,广阳区
广东省,湛江市,坡头区
贵州省,安顺市,镇宁布依族苗族自治县
上海,上海市,长宁区
福建省,泉州市,南安市
浙江省,温州市,乐清市
北京,北京市,东城区
广东省,梅州市,丰顺县
福建省,厦门市,海沧区
重庆,重庆市,沙坪坝区
重庆,重庆市,沙坪坝区
广东省,珠海市,香洲区
浙江省,温州市,泰顺县
江西省,抚州市,金溪县
浙江省,金华市,义乌市
贵州省,毕节市,织金县
湖北省,黄冈市,团风县
江西省,抚州市,南城县
河北省,承德市,滦平县
广东省,梅州市,五华县
贵州省,安顺市,镇宁布依族苗族自治县
广东省,湛江市,徐闻县
河北省,廊坊市,广阳区
云南省,曲靖市,富源县
广东省,清远市,英德市
浙江省,杭州市,萧山区
浙江省,杭州市,萧山区
河北省,邢台市,其它区
江西省,抚州市,资溪县
广东省,湛江市,坡头区
广东省,广州市,白云区
山东省,青岛市,即墨区
上海,上海市,浦东新区
安徽省,滁州市,南谯区
上海,上海市,徐汇区
四川省,成都市,金堂县
河北省,保定市,涿州市
湖北省,黄冈市,团风县
北京,北京市,丰台区
河南省,周口市,扶沟县
河北省,承德市,滦平县
江苏省,淮安市,淮安区
湖南省,怀化市,辰溪县
北京,北京市,东城区
四川省,巴中市,平昌县
河南省,新乡市,红旗区
上海,上海市,黄浦区
广东省,江门市,江海区
河北省,石家庄市,新华区
贵州省,黔东南苗族侗族自治州,施秉县
河北省,石家庄市,高邑县
湖北省,武汉市,汉阳区
江西省,南昌市,南昌县
广东省,江门市,蓬江区
广东省,深圳市,龙华区
广东省,深圳市,龙华区
四川省,遂宁市,船山区
云南省,保山市,隆阳区
湖南省,邵阳市,邵东县
四川省,广安市,岳池县
上海,上海市,崇明区
上海,上海市,黄浦区
四川省,成都市,双流区
上海,上海市,浦东新区
上海,上海市,静安区
四川省,广安市,岳池县
上海,上海市,静安区
安徽省,芜湖市,镜湖区
江苏省,南通市,海安县
浙江省,宁波市,鄞州区
浙江省,温州市,乐清市
云南省,文山壮族苗族自治州,马关县
广东省,东莞市,null
河南省,开封市,祥符区
山西省,晋中市,榆社县
云南省,曲靖市,宣威市
河北省,保定市,定州市
江西省,赣州市,信丰县
辽宁省,营口市,鲅鱼圈区
上海,上海市,静安区
浙江省,杭州市,西湖区
云南省,曲靖市,陆良县
贵州省,铜仁市,德江县
浙江省,宁波市,江北区
浙江省,宁波市,海曙区
河南省,信阳市,息县
山东省,济南市,槐荫区
北京,北京市,顺义区
浙江省,杭州市,下城区
上海,上海市,浦东新区
湖南省,长沙市,浏阳市
湖南省,长沙市,浏阳市
上海,上海市,松江区
江苏省,南京市,浦口区
四川省,宜宾市,宜宾县
河南省,周口市,沈丘县
山西省,晋中市,介休市
湖北省,恩施土家族苗族自治州,恩施市
山东省,潍坊市,昌邑市
江苏省,苏州市,虎丘区
广东省,东莞市,null
福建省,宁德市,福安市
福建省,宁德市,福鼎市
贵州省,黔西南布依族苗族自治州,安龙县
上海,上海市,闵行区
陕西省,西安市,未央区
河北省,邢台市,桥西区
贵州省,六盘水市,盘州市
上海,上海市,嘉定区
湖南省,岳阳市,岳阳楼区
云南省,红河哈尼族彝族自治州,金平苗族瑶族傣族自治县
浙江省,衢州市,龙游县
北京,北京市,丰台区
广东省,广州市,增城区
江苏省,南通市,崇川区
海南省,三亚市,崖州区
山东省,烟台市,福山区
湖南省,永州市,江华瑶族自治县
福建省,厦门市,翔安区
云南省,曲靖市,会泽县
天津,天津市,东丽区
内蒙古,鄂尔多斯市,伊金霍洛旗
浙江省,杭州市,余杭区
浙江省,台州市,椒江区
海南省,三亚市,天涯区
上海,上海市,嘉定区
内蒙古,呼和浩特市,玉泉区
福建省,泉州市,南安市
江西省,宜春市,樟树市
贵州省,安顺市,西秀区
重庆,重庆市,潼南区
安徽省,合肥市,包河区
浙江省,杭州市,滨江区
山东省,济南市,历下区
河南省,郑州市,荥阳市
江苏省,苏州市,虎丘区
云南省,大理白族自治州,南涧彝族自治县
湖南省,湘潭市,湘乡市
广东省,广州市,白云区
江苏省,扬州市,仪征市
海南省,海口市,琼山区
海南省,海口市,龙华区
浙江省,绍兴市,诸暨市
浙江省,金华市,兰溪市
山东省,青岛市,黄岛区
福建省,宁德市,周宁县
山西省,大同市,南郊区
海南省,万宁市,null
河南省,鹤壁市,浚县
贵州省,黔东南苗族侗族自治州,岑巩县
重庆,重庆市,渝中区
四川省,成都市,锦江区
江西省,宜春市,奉新县
湖南省,郴州市,北湖区
浙江省,金华市,东阳市
安徽省,马鞍山市,花山区
贵州省,遵义市,习水县
四川省,广元市,剑阁县
四川省,成都市,青羊区
江苏省,泰州市,海陵区
广东省,湛江市,麻章区
广东省,阳江市,阳春市
山东省,济南市,历下区
河北省,保定市,高阳县
广东省,佛山市,顺德区
江苏省,苏州市,张家港市
广东省,佛山市,顺德区
河北省,邯郸市,丛台区
山东省,威海市,环翠区
广东省,佛山市,顺德区
浙江省,温州市,龙湾区
广东省,惠州市,惠东县
重庆,重庆市,渝北区
广东省,珠海市,金湾区
广东省,肇庆市,广宁县
上海,上海市,金山区
广东省,肇庆市,广宁县
上海,上海市,浦东新区
云南省,昆明市,呈贡区
山东省,青岛市,市北区
广东省,珠海市,斗门区
四川省,达州市,通川区
贵州省,毕节市,金沙县
贵州省,六盘水市,盘州市
浙江省,湖州市,吴兴区
浙江省,嘉兴市,海盐县
河南省,周口市,淮阳县
云南省,德宏傣族景颇族自治州,芒市
广东省,广州市,白云区
河南省,许昌市,襄城县
河北省,邢台市,新河县
山东省,潍坊市,诸城市
湖南省,长沙市,岳麓区
海南省,儋州市,null
湖北省,鄂州市,鄂城区
广东省,东莞市,null
山西省,太原市,迎泽区
湖北省,黄冈市,红安县
重庆,重庆市,江津区
广东省,广州市,白云区
海南省,定安县,null
福建省,福州市,福清市
河北省,廊坊市,广阳区
广东省,东莞市,null
安徽省,安庆市,宿松县
湖北省,恩施土家族苗族自治州,利川市
江苏省,徐州市,泉山区
海南省,临高县,null
江西省,吉安市,永丰县
广东省,广州市,番禺区
广东省,东莞市,null
江苏省,连云港市,灌南县
江苏省,苏州市,昆山市
广东省,广州市,天河区
上海,上海市,嘉定区
山东省,滨州市,滨城区
浙江省,绍兴市,越城区
江苏省,镇江市,京口区
海南省,儋州市,null
云南省,玉溪市,元江哈尼族彝族傣族自治县
云南省,大理白族自治州,南涧彝族自治县
云南省,文山壮族苗族自治州,马关县
贵州省,毕节市,黔西县
海南省,东方市,null
四川省,成都市,双流区
广东省,中山市,null
广东省,广州市,天河区
北京,北京市,海淀区
湖南省,长沙市,岳麓区
广东省,佛山市,南海区
浙江省,金华市,义乌市
河北省,邯郸市,肥乡区
广东省,中山市,null
上海,上海市,浦东新区
广东省,肇庆市,端州区
四川省,成都市,青羊区
广东省,深圳市,龙岗区
福建省,厦门市,湖里区
广东省,佛山市,南海区
四川省,成都市,新都区
江西省,上饶市,鄱阳县
四川省,资阳市,安岳县
浙江省,宁波市,奉化区
浙江省,杭州市,西湖区
上海,上海市,徐汇区
福建省,漳州市,芗城区
广东省,惠州市,惠东县
福建省,厦门市,思明区
江苏省,南京市,六合区
江苏省,苏州市,姑苏区
山东省,济宁市,汶上县
四川省,攀枝花市,东区
湖南省,永州市,宁远县
浙江省,金华市,金东区
山西省,长治市,城区
福建省,漳州市,芗城区
云南省,大理白族自治州,大理市
湖南省,郴州市,安仁县
浙江省,台州市,黄岩区
云南省,大理白族自治州,大理市
广东省,深圳市,龙岗区
山东省,威海市,环翠区
海南省,陵水黎族自治县,null
广东省,深圳市,罗湖区
湖北省,武汉市,~口区
河南省,洛阳市,汝阳县
海南省,海口市,美兰区
河南省,平顶山市,卫东区
福建省,宁德市,福安市
湖北省,黄冈市,浠水县
湖南省,长沙市,望城区
山西省,晋城市,城区
河南省,濮阳市,台前县
重庆,重庆市,渝北区
江苏省,泰州市,兴化市
安徽省,安庆市,宿松县
浙江省,台州市,黄岩区
云南省,红河哈尼族彝族自治州,蒙自市
江西省,赣州市,赣县区
山东省,济南市,市中区
浙江省,宁波市,北仑区
四川省,凉山彝族自治州,会东县
云南省,昆明市,盘龙区
云南省,昆明市,官渡区
江苏省,泰州市,姜堰区
天津,天津市,津南区
云南省,曲靖市,沾益区
河北省,邢台市,沙河市
浙江省,宁波市,镇海区
广东省,清远市,英德市
上海,上海市,普陀区
云南省,昆明市,官渡区
广东省,东莞市,null
浙江省,嘉兴市,桐乡市
云南省,昆明市,盘龙区
河北省,张家口市,桥西区
重庆,重庆市,沙坪坝区
广东省,湛江市,雷州市
湖南省,长沙市,岳麓区
广东省,广州市,越秀区
广东省,揭阳市,普宁市
北京,北京市,海淀区
广东省,佛山市,顺德区
四川省,德阳市,广汉市
广东省,茂名市,电白区
海南省,东方市,null
安徽省,合肥市,蜀山区
广东省,深圳市,龙华区
湖南省,岳阳市,平江县
山东省,德州市,乐陵市
江苏省,南通市,崇川区
河南省,南阳市,邓州市
山东省,烟台市,牟平区
北京,北京市,密云区
海南省,临高县,null
广东省,东莞市,null
四川省,成都市,新津县
重庆,重庆市,万州区
云南省,昆明市,五华区
贵州省,遵义市,红花岗区
云南省,红河哈尼族彝族自治州,个旧市
北京,北京市,西城区
江苏省,苏州市,昆山市
海南省,海口市,美兰区
湖北省,襄阳市,樊城区
北京,北京市,大兴区
四川省,成都市,彭州市
广东省,揭阳市,普宁市
山东省,临沂市,兰山区
北京,北京市,通州区
广东省,广州市,增城区
浙江省,湖州市,南浔区
山西省,阳泉市,城区
北京,北京市,丰台区
云南省,曲靖市,陆良县
湖北省,黄冈市,黄州区
广东省,广州市,从化区
浙江省,台州市,椒江区
湖北省,武汉市,洪山区
山西省,阳泉市,矿区
四川省,成都市,武侯区
贵州省,遵义市,习水县
广东省,佛山市,顺德区
湖南省,郴州市,永兴县
四川省,成都市,双流区
海南省,万宁市,null
河北省,保定市,莲池区
广东省,惠州市,惠东县
福建省,福州市,福清市
上海,上海市,宝山区
浙江省,杭州市,滨江区
河北省,保定市,安国市
云南省,昆明市,官渡区
山东省,青岛市,黄岛区
北京,北京市,西城区
四川省,成都市,武侯区
广东省,广州市,黄埔区
广东省,深圳市,南山区
广东省,深圳市,龙华区
湖北省,宜昌市,伍家岗区
广东省,湛江市,雷州市
云南省,昆明市,官渡区
四川省,宜宾市,兴文县
广东省,广州市,天河区
云南省,大理白族自治州,巍山彝族回族自治县
福建省,福州市,鼓楼区
山东省,济南市,历城区
山西省,太原市,尖草坪区
云南省,昆明市,官渡区
江苏省,苏州市,吴江区
河北省,石家庄市,鹿泉区
四川省,成都市,双流区
广东省,湛江市,廉江市
广东省,揭阳市,普宁市
海南省,海口市,秀英区
山东省,烟台市,海阳市
广东省,广州市,越秀区
海南省,三亚市,天涯区
上海,上海市,静安区
广东省,揭阳市,普宁市
海南省,临高县,null
四川省,成都市,龙泉驿区
山西省,临汾市,霍州市
江苏省,苏州市,昆山市
湖北省,荆州市,公安县
广东省,东莞市,null
广东省,深圳市,龙岗区
广东省,江门市,恩平市
广东省,深圳市,罗湖区
河南省,洛阳市,洛龙区
河南省,洛阳市,e河回族区
贵州省,贵阳市,白云区
河南省,洛阳市,洛龙区
江苏省,苏州市,虎丘区
四川省,成都市,蒲江县
广东省,湛江市,雷州市
福建省,宁德市,霞浦县
江西省,九江市,彭泽县
江西省,九江市,瑞昌市
江苏省,镇江市,丹阳市
广东省,湛江市,坡头区
浙江省,杭州市,富阳区
河北省,唐山市,古冶区
广东省,清远市,清城区
广东省,东莞市,null
贵州省,贵阳市,云岩区
内蒙古,包头市,东河区
四川省,南充市,南部县
内蒙古,呼和浩特市,新城区
湖南省,张家界市,慈利县
江苏省,连云港市,连云区
湖北省,黄冈市,蕲春县
湖北省,武汉市,黄陂区
山西省,太原市,清徐县
山西省,太原市,清徐县
江西省,新余市,渝水区
云南省,曲靖市,麒麟区
湖北省,武汉市,洪山区
广东省,梅州市,五华县
安徽省,蚌埠市,蚌山区
广东省,佛山市,南海区
海南省,儋州市,null
内蒙古,巴彦淖尔市,临河区
广东省,江门市,蓬江区
湖北省,黄石市,下陆区
湖南省,长沙市,长沙县
云南省,红河哈尼族彝族自治州,元阳县
湖南省,衡阳市,衡东县
浙江省,丽水市,龙泉市
江苏省,徐州市,新沂市
广东省,深圳市,龙岗区
江苏省,宿迁市,沭阳县
贵州省,六盘水市,盘州市
河北省,石家庄市,正定县
广东省,汕尾市,陆丰市
海南省,临高县,null
广东省,深圳市,坪山区
湖北省,武汉市,洪山区
河北省,唐山市,路南区
重庆,重庆市,沙坪坝区
重庆,重庆市,九龙坡区
广东省,湛江市,遂溪县
湖南省,长沙市,雨花区
海南省,海口市,美兰区
河北省,廊坊市,三河市
上海,上海市,松江区
上海,上海市,黄浦区
天津,天津市,滨海新区
湖北省,十堰市,房县
江苏省,南通市,海门市
海南省,屯昌县,null
山东省,临沂市,平邑县
海南省,乐东黎族自治县,null
江西省,南昌市,新建区
重庆,重庆市,北碚区
广东省,江门市,开平市
海南省,海口市,秀英区
福建省,泉州市,鲤城区
广东省,惠州市,博罗县
广东省,深圳市,宝安区
广东省,佛山市,顺德区
广东省,惠州市,惠城区
海南省,陵水黎族自治县,null
四川省,广安市,岳池县
广东省,佛山市,南海区
浙江省,杭州市,江干区
山西省,吕梁市,交城县
四川省,宜宾市,兴文县
山西省,太原市,小店区
山东省,青岛市,即墨区
云南省,德宏傣族景颇族自治州,芒市
重庆,重庆市,北碚区
江苏省,苏州市,吴江区
浙江省,杭州市,江干区
四川省,成都市,锦江区
湖北省,武汉市,江夏区
湖南省,岳阳市,华容县
天津,天津市,东丽区
海南省,临高县,null
广东省,佛山市,南海区
上海,上海市,宝山区
江苏省,南京市,六合区
江苏省,南京市,秦淮区
湖南省,株洲市,天元区
四川省,成都市,武侯区
广东省,中山市,null
山东省,威海市,乳山市
广东省,阳江市,阳春市
广东省,佛山市,顺德区
广东省,中山市,null
河北省,保定市,涿州市
广东省,中山市,null
广东省,佛山市,禅城区
湖北省,随州市,广水市
广东省,珠海市,金湾区
四川省,成都市,青羊区
湖北省,恩施土家族苗族自治州,建始县
广东省,湛江市,吴川市
广东省,佛山市,南海区
广东省,湛江市,吴川市
广东省,云浮市,云城区
四川省,成都市,都江堰市
湖北省,武汉市,黄陂区
广东省,茂名市,茂南区
江苏省,宿迁市,泗洪县
山西省,太原市,万柏林区
山西省,太原市,迎泽区
山西省,吕梁市,离石区
西藏,昌都市,卡若区
重庆,重庆市,巴南区
重庆,重庆市,巴南区
重庆,重庆市,巴南区
上海,上海市,浦东新区
广东省,广州市,番禺区
贵州省,贵阳市,白云区
湖北省,武汉市,东西湖区
浙江省,台州市,临海市
湖南省,邵阳市,双清区
湖南省,邵阳市,双清区
浙江省,绍兴市,越城区
云南省,昆明市,安宁市
湖南省,郴州市,桂阳县
海南省,琼海市,嘉积镇
湖北省,黄冈市,麻城市
湖北省,恩施土家族苗族自治州,利川市
江苏省,徐州市,丰县
湖北省,黄石市,西塞山区
安徽省,安庆市,望江县
山东省,济南市,市中区
内蒙古,鄂尔多斯市,鄂托克前旗
湖北省,宜昌市,长阳土家族自治县
福建省,福州市,长乐区
山东省,日照市,东港区
河南省,安阳市,内黄县
江苏省,无锡市,江阴市
湖北省,黄冈市,罗田县
江苏省,淮安市,淮安区
广东省,广州市,越秀区
河南省,安阳市,安阳县
湖北省,咸宁市,通城县
山东省,烟台市,芝罘区
广东省,惠州市,惠东县
浙江省,金华市,义乌市
浙江省,宁波市,象山县
河北省,邯郸市,武安市
陕西省,宝鸡市,凤翔县
安徽省,安庆市,迎江区
上海,上海市,黄浦区
上海,上海市,浦东新区
河北省,石家庄市,晋州市
浙江省,金华市,义乌市
内蒙古,呼和浩特市,玉泉区
河南省,郑州市,荥阳市
广东省,广州市,番禺区
广西,百色市,右江区
河北省,邯郸市,成安县
山东省,临沂市,兰山区
四川省,内江市,市中区
四川省,成都市,青白江区
江西省,南昌市,其它区
福建省,莆田市,城厢区
湖南省,邵阳市,新邵县
福建省,龙岩市,连城县
北京,北京市,海淀区
湖南省,衡阳市,其它区
河北省,邢台市,宁晋县
宁夏,银川市,其它区
河南省,郑州市,新密市
河南省,洛阳市,洛龙区
广东省,揭阳市,揭东区
山东省,烟台市,龙口市
浙江省,杭州市,余杭区
四川省,成都市,温江区
陕西省,渭南市,韩城市
河南省,平顶山市,湛河区
江苏省,南京市,鼓楼区
江西省,抚州市,金溪县
重庆,重庆市,沙坪坝区
广东省,佛山市,顺德区
上海,上海市,静安区
河南省,周口市,郸城县
江西省,吉安市,泰和县
福建省,福州市,晋安区
福建省,泉州市,南安市
湖北省,仙桃市,张沟镇
湖北省,仙桃市,null
北京,北京市,昌平区
河南省,郑州市,中牟县
四川省,宜宾市,翠屏区
上海,上海市,黄浦区
上海,上海市,黄浦区
四川省,宜宾市,翠屏区
山东省,枣庄市,市中区
福建省,福州市,仓山区
福建省,福州市,仓山区
上海,上海市,松江区
广东省,惠州市,惠城区
河南省,濮阳市,清丰县
广东省,惠州市,博罗县
河北省,邯郸市,复兴区
河北省,保定市,定兴县
广东省,潮州市,潮安区
湖南省,衡阳市,珠晖区
河南省,南阳市,方城县
广东省,广州市,天河区
贵州省,黔南布依族苗族自治州,福泉市
海南省,儋州市,null
天津,天津市,北辰区
广东省,湛江市,遂溪县
广东省,广州市,白云区
河南省,商丘市,虞城县
河南省,平顶山市,舞钢市
河南省,开封市,龙亭区
浙江省,金华市,婺城区
河北省,邢台市,南和县
山东省,枣庄市,滕州市
湖北省,武汉市,~口区
广东省,广州市,番禺区
重庆,重庆市,沙坪坝区
河北省,秦皇岛市,海港区
海南省,海口市,秀英区
浙江省,金华市,义乌市
河北省,邢台市,清河县
广东省,湛江市,霞山区
山东省,烟台市,龙口市
山东省,烟台市,海阳市
湖南省,郴州市,嘉禾县
安徽省,淮南市,凤台县
福建省,泉州市,石狮市
内蒙古,锡林郭勒盟,多伦县
广东省,梅州市,五华县
广东省,梅州市,五华县
广东省,梅州市,五华县
广东省,东莞市,桥头镇
福建省,南平市,浦城县
江苏省,宿迁市,沭阳县
江苏省,泰州市,姜堰区
海南省,昌江黎族自治县,石碌镇
安徽省,芜湖市,镜湖区
湖北省,武汉市,洪山区
内蒙古,包头市,达尔罕茂明安联合旗
河北省,邯郸市,复兴区
安徽省,亳州市,谯城区
江苏省,无锡市,江阴市
江苏省,苏州市,园区
安徽省,合肥市,长丰县
广西,玉林市,博白县
福建省,漳州市,南靖县
江苏省,淮安市,清江浦区
上海,上海市,闵行区
福建省,福州市,仓山区
江苏省,盐城市,阜宁县
湖北省,武汉市,洪山区
浙江省,台州市,临海市
福建省,泉州市,德化县
云南省,楚雄彝族自治州,元谋县
广东省,广州市,白云区
山东省,烟台市,其它区
天津,天津市,津南区
山东省,潍坊市,坊子区
山东省,潍坊市,坊子区
山东省,济南市,章丘区
贵州省,铜仁市,德江县
安徽省,淮北市,濉溪县
内蒙古,包头市,昆都仑区
江西省,九江市,都昌县
江西省,九江市,都昌县
四川省,成都市,新都区
湖北省,武汉市,江汉区
湖北省,武汉市,江夏区
河北省,邢台市,桥西区
天津,天津市,滨海新区
河南省,商丘市,梁园区
河南省,商丘市,梁园区
浙江省,宁波市,象山县
四川省,泸州市,龙马潭区
广西,南宁市,良庆区
河南省,商丘市,虞城县
山东省,日照市,岚山区
福建省,泉州市,惠安县
浙江省,舟山市,定海区
河南省,漯河市,郾城区
山西省,太原市,尖草坪区
安徽省,马鞍山市,雨山区
福建省,福州市,长乐区
河南省,新乡市,红旗区
河北省,石家庄市,新华区
上海,上海市,浦东新区
上海,上海市,静安区
上海,上海市,静安区
广东省,韶关市,武江区
安徽省,合肥市,蜀山区
浙江省,杭州市,临安区
江苏省,南通市,崇川区
河北省,石家庄市,裕华区
湖北省,恩施土家族苗族自治州,恩施市
广东省,深圳市,龙岗区
湖北省,恩施土家族苗族自治州,恩施市
广东省,深圳市,罗湖区
江苏省,南京市,鼓楼区
江西省,抚州市,临川区
江西省,抚州市,临川区
海南省,澄迈县,null
内蒙古,呼伦贝尔市,鄂伦春自治旗
山西省,吕梁市,离石区
海南省,乐东黎族自治县,null
浙江省,嘉兴市,嘉善县
上海,上海市,浦东新区
江苏省,无锡市,新吴区
上海,上海市,浦东新区
湖南省,郴州市,北湖区
河南省,驻马店市,遂平县
广东省,佛山市,顺德区
海南省,澄迈县,老城镇
江苏省,南京市,江宁区
广东省,肇庆市,怀集县
江苏省,徐州市,邳州市
广东省,惠州市,惠城区
福建省,厦门市,海沧区
广东省,惠州市,惠城区
四川省,广元市,旺苍县
江苏省,南通市,启东市
广东省,深圳市,龙华新区
山东省,青岛市,黄岛区
江苏省,扬州市,宝应县
河北省,邯郸市,丛台区
江西省,赣州市,其它区
山西省,吕梁市,汾阳市
广东省,中山市,南头镇
河北省,保定市,容城县
湖南省,怀化市,通道侗族自治县
湖南省,怀化市,通道侗族自治县
江苏省,苏州市,沧浪区
重庆,重庆市,渝北区
浙江省,杭州市,拱墅区
广东省,深圳市,宝安区
广东省,深圳市,宝安区
广东省,揭阳市,其它区
广东省,湛江市,坡头区
广东省,惠州市,龙门县
福建省,福州市,台江区
青海省,果洛藏族自治州,玛沁县
海南省,三亚市,吉阳区
重庆,重庆市,南川区
湖南省,长沙市,雨花区
湖南省,长沙市,雨花区
广西,柳州市,鱼峰区
湖南省,湘西土家族苗族自治州,保靖县
山东省,威海市,文登区
广西,南宁市,兴宁区
广东省,深圳市,宝安区
广东省,揭阳市,其它区
广东省,汕头市,潮阳区
陕西省,西安市,其它区
浙江省,丽水市,龙泉市
广西,玉林市,玉州区
湖南省,湘西土家族苗族自治州,保靖县
广东省,东莞市,寮步镇
广东省,东莞市,null
山东省,烟台市,莱阳市
湖南省,邵阳市,隆回县
安徽省,合肥市,巢湖市
广东省,中山市,东区街道
河南省,洛阳市,西工区
江苏省,苏州市,昆山市
福建省,漳州市,长泰县
福建省,漳州市,长泰县
河南省,信阳市,商城县
江苏省,徐州市,铜山区
江苏省,徐州市,泉山区
广东省,广州市,番禺区
福建省,莆田市,荔城区
江苏省,常州市,新北区
安徽省,阜阳市,颍上县
河北省,唐山市,曹妃甸区
江西省,吉安市,永丰县
山东省,烟台市,芝罘区
福建省,福州市,仓山区
广东省,佛山市,禅城区
江苏省,无锡市,锡山区
河南省,周口市,商水县
云南省,楚雄彝族自治州,南华县
广东省,深圳市,南山区
河北省,石家庄市,藁城区
广西,玉林市,玉州区
山东省,青岛市,市北区
广西,玉林市,兴业县
广西,玉林市,兴业县
广西,南宁市,横县
河北省,张家口市,怀来县
山西省,晋城市,高平市
北京,北京市,丰台区
